article_index,thread_index,tweet,characters,url,hashtags
1,1,"Sculpting Subspaces: Constrained Full Fine-Tuning in LLMs for Continual Learning
ğŸ§ âœ¨ Exciting AI breakthrough alert! ğŸš€ Scientists have cracked the code on making language models learn new tricks without forgetting old ones. It's like teaching an old dog new tricks, but the dog remembers ALL its tricks!",302,https://arxiv.org/abs/2504.07097,#AI #ContinualLearning #LLM #CatastrophicForgetting
1,2,"ğŸ¶ğŸ“

This clever method, using some fancy math called ""adaptive SVD,"" lets AI models keep learning without getting brain freeze. ğŸ§ŠğŸ¤¯ The result? AI that's smarter, more flexible, and doesn't need a gazillion extra parts to keep growing. Now that's what we call a win-win! ğŸ†ğŸ‰",272,https://arxiv.org/abs/2504.07097,#AI #ContinualLearning #LLM #CatastrophicForgetting
1,3,"https://arxiv.org/abs/2504.07097
#AI #ContinualLearning #LLM #CatastrophicForgetting",84,https://arxiv.org/abs/2504.07097,#AI #ContinualLearning #LLM #CatastrophicForgetting
2,1,"Are We Done with Object-Centric Learning?
ğŸ¤–ğŸ“¸ Object-centric learning just got a major upgrade! Researchers have found a way to separate objects in images more efficiently than ever before.",188,https://arxiv.org/abs/2504.07092,#AI #ObjectCentricLearning #ComputerVision #AIRepresentation
2,2,"ğŸ‰

Instead of complex unsupervised methods, they're using cutting-edge segmentation models to isolate objects right in the pixel space.",135,https://arxiv.org/abs/2504.07092,#AI #ObjectCentricLearning #ComputerVision #AIRepresentation
2,3,"ğŸ§©âœ¨

This breakthrough could revolutionize how AI understands and generalizes visual information, paving the way for more robust and adaptable computer vision systems. ğŸš€ğŸ”¬ #AIResearch #ComputerVision",197,https://arxiv.org/abs/2504.07092,#AI #ObjectCentricLearning #ComputerVision #AIRepresentation
2,4,"https://arxiv.org/abs/2504.07092
#AI #ObjectCentricLearning #ComputerVision #AIRepresentation",93,https://arxiv.org/abs/2504.07092,#AI #ObjectCentricLearning #ComputerVision #AIRepresentation
