index,variant,title,summary,tweet,characters,url,hashtags
1,v1_summary,Sculpting Subspaces: Constrained Full Fine-Tuning in LLMs for Continual Learning,"üß†‚ú® Exciting AI breakthrough alert! üöÄ Scientists have cracked the code on making language models learn new tricks without forgetting old ones. It's like teaching an old dog new tricks, but the dog remembers ALL its tricks! üê∂üéì

This clever method, using some fancy math called ""adaptive SVD,"" lets AI models keep learning without getting brain freeze. üßäü§Ø The result? AI that's smarter, more flexible, and doesn't need a gazillion extra parts to keep growing. Now that's what we call a win-win! üèÜüéâ","Sculpting Subspaces: Constrained Full Fine-Tuning in LLMs for Continual Learning
üß†‚ú® Exciting AI breakthrough alert! üöÄ Scientists have cracked the code on making...
https://arxiv.org/abs/2504.07097
#AI #ContinualLearning #LLM #CatastrophicForgetting #AdaptiveSVD #AIFineTuning",275,https://arxiv.org/abs/2504.07097,"Here are 3-5 short and relevant hashtags for this AI paper:

1. #ContinualLearning
2. #LLM
3. #CatastrophicForgetting
4. #AdaptiveSVD
5. #AIFineTuning

These hashtags cover the key concepts and focus areas of the paper, including continual learning, large language models (LLMs), the problem of catastrophic forgetting, the novel adaptive SVD approach, and the broader topic of AI fine-tuning."
1,v2_summary,Sculpting Subspaces: Constrained Full Fine-Tuning in LLMs for Continual Learning,"This research paper introduces a novel approach to address catastrophic forgetting in continual learning for large language models (LLMs). Here are the key points:

1. Novel Method: The researchers propose an adaptive singular value decomposition (SVD) approach for continual full fine-tuning of LLMs. This method dynamically identifies task-specific low-rank parameter subspaces and constrains updates to be orthogonal to critical directions associated with prior tasks.

2. Key Advantages:
   - Minimizes interference between tasks without additional parameter overhead
   - Does not require storing previous task gradients
   - Maintains the model's expressivity by allowing full fine-tuning

3. Evaluation:
   - Tested on standard continual learning benchmarks
   - Used both encoder-decoder (T5-Large) and decoder-only (LLaMA-2 7B) models
   - Covered diverse tasks including classification, generation, and reasoning

4. Key Findings:
   - Achieved state-of-the-art results, with up to 7% higher average accuracy than recent baselines like O-LoRA
   - Maintained the model's general linguistic capabilities, instruction-following accuracy, and safety throughout the continual learning process
   - Reduced forgetting to near-negligible levels

5. Real-world Relevance:
   - Provides","Sculpting Subspaces: Constrained Full Fine-Tuning in LLMs for Continual Learning
This research paper introduces a novel approach to address catastrophic forgetting...
https://arxiv.org/abs/2504.07097
#AI #ContinualLearning #LLM #CatastrophicForgetting #AdaptiveSVD #AIFineTuning",278,https://arxiv.org/abs/2504.07097,"Here are 3-5 short and relevant hashtags for this AI paper:

1. #ContinualLearning
2. #LLM
3. #CatastrophicForgetting
4. #AdaptiveSVD
5. #AIFineTuning

These hashtags cover the key concepts and focus areas of the paper, including continual learning, large language models (LLMs), the problem of catastrophic forgetting, the novel adaptive SVD approach, and the broader topic of AI fine-tuning."
2,v1_summary,Are We Done with Object-Centric Learning?,"ü§ñüì∏ Object-centric learning just got a major upgrade! Researchers have found a way to separate objects in images more efficiently than ever before. üéâ

Instead of complex unsupervised methods, they're using cutting-edge segmentation models to isolate objects right in the pixel space. üß©‚ú®

This breakthrough could revolutionize how AI understands and generalizes visual information, paving the way for more robust and adaptable computer vision systems. üöÄüî¨ #AIResearch #ComputerVision","Are We Done with Object-Centric Learning?
ü§ñüì∏ Object-centric learning just got a major upgrade! Researchers have found a way to separate objects in images...
https://arxiv.org/abs/2504.07092
#AI #ObjectCentricLearning #ComputerVision #AIRepresentation #OODGeneralization #OCCAM",276,https://arxiv.org/abs/2504.07092,"Here are 3-5 short and relevant hashtags for this AI paper:

#ObjectCentricLearning
#ComputerVision
#AIRepresentation
#OODGeneralization
#OCCAM

These hashtags cover the main topic (object-centric learning), the field (computer vision, AI), key concepts (representation learning, out-of-distribution generalization), and the novel method introduced (OCCAM)."
2,v2_summary,Are We Done with Object-Centric Learning?,"This research paper introduces a novel approach to object-centric learning (OCL) and evaluates its effectiveness in addressing out-of-distribution (OOD) generalization challenges. The key points are:

1. Novel method: The authors propose a training-free probe called Object-Centric Classification with Applied Masks (OCCAM), which uses segmentation-based encoding of individual objects.

2. Key findings:
   - OCCAM outperforms traditional slot-based OCL methods in OOD generalization tasks.
   - Segmentation-based encoding achieves remarkable zero-shot performance on OOD object discovery benchmarks.
   - The approach is scalable to foundation models and can handle a variable number of slots without additional training.

3. Real-world relevance:
   - The study addresses the challenge of spurious background cues in OOD generalization, which is crucial for robust AI systems in real-world applications.
   - The authors provide a toolbox for the OCL community to use scalable object-centric representations, facilitating further research and practical applications.
   - The findings have implications for understanding object perception in human cognition.

4. Implications for OCL research:
   - The paper suggests that the goal of obtaining object-centric representations has been largely achieved through recent advancements in sample-efficient segmentation models.
   - It","Are We Done with Object-Centric Learning?
This research paper introduces a novel approach to object-centric learning (OCL) and evaluates its effectiveness in...
https://arxiv.org/abs/2504.07092
#AI #ObjectCentricLearning #ComputerVision #AIRepresentation #OODGeneralization #OCCAM",280,https://arxiv.org/abs/2504.07092,"Here are 3-5 short and relevant hashtags for this AI paper:

#ObjectCentricLearning
#ComputerVision
#AIRepresentation
#OODGeneralization
#OCCAM

These hashtags cover the main topic (object-centric learning), the field (computer vision, AI), key concepts (representation learning, out-of-distribution generalization), and the novel method introduced (OCCAM)."
